Jahr,Art,Bezirk,Deutschland,Schleswig-Holstein,Hamburg,Niedersachsen,Bremen,Nordrhein-Westfalen,Hessen,Rheinland-Pfalz,Baden-Württemberg,Bayern,Saarland,Brandenburg,Mecklenburg-Vorpommern,Sachsen,Sachsen-Anhalt,Thüringen
1991,Fortzug,Charlottenburg-Wilmersdorf,5837,442,396,950,83,1043,525,192,732,887,55,363,34,81,36,18
1991,Fortzug,Friedrichshain-Kreuzberg,4942,301,238,658,79,748,336,182,621,563,44,618,191,188,90,85
1991,Fortzug,Lichtenberg,4166,79,46,298,30,488,221,107,410,420,7,1009,276,370,195,210
1991,Fortzug,Marzahn-Hellersdorf,5453,123,72,509,31,750,226,127,589,650,25,1200,261,426,231,233
1991,Fortzug,Mitte,6543,376,230,930,90,1056,495,274,735,839,63,748,164,297,161,85
1991,Fortzug,Neukölln,4276,351,170,836,83,696,299,149,492,597,26,411,38,66,33,29
1991,Fortzug,Pankow,4298,109,98,330,28,414,171,83,439,395,13,1189,256,365,201,207
1991,Fortzug,Reinickendorf,2937,293,103,581,41,389,254,129,258,385,27,381,26,30,16,24
1991,Fortzug,Spandau,2664,229,108,505,33,422,178,85,189,341,12,455,25,42,23,17
1991,Fortzug,Steglitz-Zehlendorf,4614,413,278,804,48,813,398,154,570,616,45,336,38,45,36,20
1991,Fortzug,Tempelhof-Schöneberg,5138,415,251,933,81,831,410,208,710,688,53,382,52,49,37,38
1991,Fortzug,Treptow-Köpenick,2621,70,47,223,14,318,156,54,253,289,6,632,136,214,85,124
1991,Zuzug,Charlottenburg-Wilmersdorf,6430,408,311,858,119,1343,612,246,855,853,72,413,85,126,86,43
1991,Zuzug,Friedrichshain-Kreuzberg,5629,181,175,583,67,805,347,180,633,618,43,908,329,375,236,149
1991,Zuzug,Lichtenberg,4184,44,28,171,13,216,92,45,161,154,16,1197,484,802,426,335
1991,Zuzug,Marzahn-Hellersdorf,3851,36,15,118,7,149,39,31,146,123,8,1344,557,602,432,244
1991,Zuzug,Mitte,6128,250,208,734,90,1056,408,195,658,609,58,868,293,354,202,145
1991,Zuzug,Neukölln,4109,212,138,631,72,763,320,155,487,507,50,505,57,105,70,37
1991,Zuzug,Pankow,5640,84,73,245,18,394,165,96,337,287,19,1807,684,677,422,332
1991,Zuzug,Reinickendorf,2815,163,113,393,43,563,218,107,333,374,26,293,52,75,41,21
1991,Zuzug,Spandau,2498,148,68,331,24,461,177,77,203,266,25,492,53,69,71,33
1991,Zuzug,Steglitz-Zehlendorf,4982,250,201,666,75,1014,476,174,723,651,51,430,64,111,57,39
1991,Zuzug,Tempelhof-Schöneberg,5363,284,233,698,86,1077,506,225,726,763,42,404,72,110,103,34
1991,Zuzug,Treptow-Köpenick,2841,40,27,70,9,150,60,35,105,118,7,1201,295,376,189,159
1992,Fortzug,Charlottenburg-Wilmersdorf,5921,459,313,904,104,1030,487,209,733,823,30,589,68,72,46,54
1992,Fortzug,Friedrichshain-Kreuzberg,4968,272,164,586,60,724,347,200,591,580,54,744,190,230,117,109
1992,Fortzug,Lichtenberg,4559,120,75,409,13,536,197,100,411,415,10,1168,237,404,204,260
1992,Fortzug,Marzahn-Hellersdorf,5475,155,67,446,23,736,236,168,479,542,17,1340,365,403,269,229
1992,Fortzug,Mitte,6874,428,264,975,94,1076,546,256,669,866,44,1016,167,219,132,122
1992,Fortzug,Neukölln,4445,390,178,765,74,717,303,137,418,596,56,593,50,74,56,38
1992,Fortzug,Pankow,4038,106,90,281,35,373,195,108,284,392,3,1162,314,324,157,214
1992,Fortzug,Reinickendorf,3310,321,97,672,43,440,245,111,268,425,15,548,21,33,42,29
1992,Fortzug,Spandau,2841,267,77,528,23,366,170,132,275,355,18,487,36,35,54,18
1992,Fortzug,Steglitz-Zehlendorf,4913,402,232,830,65,767,425,178,495,613,45,649,67,66,51,28
1992,Fortzug,Tempelhof-Schöneberg,5276,453,209,917,82,865,532,171,587,679,33,474,67,108,57,42
1992,Fortzug,Treptow-Köpenick,2646,116,49,208,19,285,151,73,216,251,13,666,162,208,103,126
1992,Zuzug,Charlottenburg-Wilmersdorf,5791,296,304,729,101,1244,524,183,823,802,51,443,53,111,90,37
1992,Zuzug,Friedrichshain-Kreuzberg,5518,212,202,586,72,821,364,181,623,559,42,922,255,338,202,139
1992,Zuzug,Lichtenberg,4107,61,48,177,16,245,136,55,266,213,19,1219,405,665,347,235
1992,Zuzug,Marzahn-Hellersdorf,4245,89,29,226,23,225,96,51,220,172,13,1533,504,549,323,192
1992,Zuzug,Mitte,6417,303,261,768,93,1108,405,201,747,690,66,899,249,326,186,115
1992,Zuzug,Neukölln,3928,211,146,525,43,755,345,160,462,487,46,468,97,94,70,19
1992,Zuzug,Pankow,5580,134,97,342,29,567,192,101,395,422,32,1495,557,565,352,300
1992,Zuzug,Reinickendorf,2658,164,86,400,36,433,177,82,339,329,22,388,69,79,39,15
1992,Zuzug,Spandau,2378,120,55,286,23,411,167,67,242,287,10,524,59,60,46,21
1992,Zuzug,Steglitz-Zehlendorf,4829,298,202,636,77,982,460,157,662,553,41,486,68,92,76,39
1992,Zuzug,Tempelhof-Schöneberg,4899,260,222,645,78,981,437,193,649,596,60,482,66,117,68,45
1992,Zuzug,Treptow-Köpenick,2693,41,44,123,25,238,67,46,167,136,10,1017,206,280,181,112
1993,Fortzug,Charlottenburg-Wilmersdorf,5844,444,383,862,70,897,471,181,637,687,42,888,89,99,64,30
1993,Fortzug,Friedrichshain-Kreuzberg,5045,244,211,656,81,760,301,207,447,494,37,1007,183,178,132,107
1993,Fortzug,Lichtenberg,5257,126,65,541,18,550,212,130,341,338,14,1688,261,475,262,236
1993,Fortzug,Marzahn-Hellersdorf,5568,170,56,479,13,577,179,108,363,404,9,1887,393,455,253,222
1993,Fortzug,Mitte,6821,373,241,899,78,863,554,253,634,750,43,1424,184,272,163,90
1993,Fortzug,Neukölln,4714,315,171,844,60,653,318,152,434,551,33,946,59,94,50,34
1993,Fortzug,Pankow,4493,131,68,302,23,298,162,107,196,308,29,1836,354,304,188,187
1993,Fortzug,Reinickendorf,3610,296,132,612,26,416,149,110,247,440,12,990,69,46,44,21
1993,Fortzug,Spandau,3141,283,106,493,37,370,172,141,189,376,13,780,35,65,63,18
1993,Fortzug,Steglitz-Zehlendorf,5179,361,296,775,34,749,359,157,559,544,45,1060,68,91,52,29
1993,Fortzug,Tempelhof-Schöneberg,5790,385,261,942,75,847,489,176,607,739,34,989,67,84,63,32
1993,Fortzug,Treptow-Köpenick,2681,82,38,230,12,235,103,66,156,191,12,976,156,232,93,99
1993,Zuzug,Charlottenburg-Wilmersdorf,5420,288,256,636,83,1106,548,188,696,720,73,515,80,98,104,29
1993,Zuzug,Friedrichshain-Kreuzberg,5297,199,199,536,73,815,305,128,616,531,50,930,274,304,169,168
1993,Zuzug,Lichtenberg,3827,82,59,185,18,309,140,52,251,247,21,1175,344,486,287,171
1993,Zuzug,Marzahn-Hellersdorf,3376,58,36,161,6,202,91,29,160,156,23,1335,397,382,184,156
1993,Zuzug,Mitte,6096,257,235,745,83,1020,408,194,701,667,68,910,258,241,192,117
1993,Zuzug,Neukölln,3986,164,131,519,72,704,280,122,540,482,32,632,69,98,93,48
1993,Zuzug,Pankow,5467,136,121,324,25,471,202,124,432,388,25,1588,570,485,324,252
1993,Zuzug,Reinickendorf,2703,178,97,362,39,504,184,78,269,297,18,440,77,74,64,22
1993,Zuzug,Spandau,2752,155,70,376,28,347,142,103,222,291,16,728,93,80,59,42
1993,Zuzug,Steglitz-Zehlendorf,4716,231,219,553,74,904,418,158,627,611,38,572,71,115,94,31
1993,Zuzug,Tempelhof-Schöneberg,4982,279,220,623,64,917,463,138,570,680,51,628,99,122,93,35
1993,Zuzug,Treptow-Köpenick,2552,53,44,139,10,200,92,38,174,161,10,913,237,226,148,107
1994,Fortzug,Charlottenburg-Wilmersdorf,6069,426,323,817,74,924,377,142,621,797,33,1201,74,141,69,50
1994,Fortzug,Friedrichshain-Kreuzberg,5178,255,188,575,75,593,229,139,450,527,36,1460,159,228,149,115
1994,Fortzug,Lichtenberg,5501,148,49,354,14,361,181,100,325,301,9,2496,264,450,244,205
1994,Fortzug,Marzahn-Hellersdorf,6079,159,72,369,20,371,189,66,258,323,10,2887,412,395,315,233
1994,Fortzug,Mitte,7070,340,246,780,87,803,605,207,627,709,43,1950,167,282,138,86
1994,Fortzug,Neukölln,4750,284,171,672,68,614,267,119,423,501,28,1305,77,94,87,40
1994,Fortzug,Pankow,5346,139,107,306,25,358,146,63,208,264,15,2539,385,377,239,175
1994,Fortzug,Reinickendorf,3996,240,106,526,28,411,197,114,261,329,14,1560,85,61,44,20
1994,Fortzug,Spandau,3607,255,80,519,22,397,119,75,194,370,16,1362,51,67,51,29
1994,Fortzug,Steglitz-Zehlendorf,5682,432,188,762,55,637,299,227,436,658,21,1635,100,106,74,52
1994,Fortzug,Tempelhof-Schöneberg,6067,394,228,851,72,725,404,181,659,642,33,1561,74,118,85,40
1994,Fortzug,Treptow-Köpenick,3323,91,62,250,13,236,128,106,230,215,10,1382,165,222,105,108
1994,Zuzug,Charlottenburg-Wilmersdorf,5855,298,288,685,90,1226,555,182,800,710,59,584,103,113,112,50
1994,Zuzug,Friedrichshain-Kreuzberg,5748,216,217,608,81,902,342,167,607,569,42,1072,266,319,219,121
1994,Zuzug,Lichtenberg,4295,126,74,284,19,271,189,54,307,296,7,1259,398,490,301,220
1994,Zuzug,Marzahn-Hellersdorf,3649,99,33,236,21,203,91,27,205,185,18,1372,373,390,244,152
1994,Zuzug,Mitte,6153,303,240,710,78,1051,453,205,719,679,37,901,232,289,173,83
1994,Zuzug,Neukölln,4241,231,154,543,80,651,351,160,515,497,49,651,85,111,117,46
1994,Zuzug,Pankow,5612,135,143,383,53,547,266,128,404,442,28,1490,515,479,329,270
1994,Zuzug,Reinickendorf,2566,165,68,371,17,406,204,72,244,276,21,491,75,68,62,26
1994,Zuzug,Spandau,2960,142,81,393,39,355,131,82,226,230,16,943,86,112,99,25
1994,Zuzug,Steglitz-Zehlendorf,5396,284,213,624,76,999,419,136,730,720,42,818,82,86,118,49
1994,Zuzug,Tempelhof-Schöneberg,5059,288,209,622,66,947,448,169,616,689,51,606,89,98,98,63
1994,Zuzug,Treptow-Köpenick,2738,90,55,194,11,236,101,70,206,178,13,1008,156,220,129,71
1995,Fortzug,Charlottenburg-Wilmersdorf,6294,370,250,816,57,860,418,145,632,756,33,1533,126,153,107,38
1995,Fortzug,Friedrichshain-Kreuzberg,5921,228,174,513,91,679,285,186,455,481,25,2030,178,268,182,146
1995,Fortzug,Lichtenberg,6050,127,72,266,26,322,187,94,252,342,5,3199,306,435,240,177
1995,Fortzug,Marzahn-Hellersdorf,7045,155,63,361,19,317,154,94,284,390,13,3958,307,412,290,228
1995,Fortzug,Mitte,7317,338,183,812,89,823,546,192,633,718,17,2235,190,279,155,107
1995,Fortzug,Neukölln,5364,246,168,669,72,637,269,144,389,600,39,1784,81,137,94,35
1995,Fortzug,Pankow,6098,165,94,310,16,354,226,64,312,354,10,3031,356,404,225,177
1995,Fortzug,Reinickendorf,4543,300,100,581,23,408,223,120,265,428,19,1821,73,101,47,34
1995,Fortzug,Spandau,4200,261,76,405,29,402,159,92,235,400,20,1922,55,76,52,16
1995,Fortzug,Steglitz-Zehlendorf,6104,379,153,723,50,723,293,137,554,678,29,2077,92,110,70,36
1995,Fortzug,Tempelhof-Schöneberg,6357,356,204,818,73,783,349,149,589,762,28,1884,89,124,106,43
1995,Fortzug,Treptow-Köpenick,4017,122,34,191,11,282,128,56,260,231,4,2061,162,242,115,118
1995,Zuzug,Charlottenburg-Wilmersdorf,6270,366,413,741,93,1232,524,193,763,759,50,720,102,148,98,68
1995,Zuzug,Friedrichshain-Kreuzberg,5861,252,225,587,74,935,339,177,640,487,40,1088,329,315,248,125
1995,Zuzug,Lichtenberg,4520,100,77,269,22,332,160,88,292,317,19,1418,332,600,333,161
1995,Zuzug,Marzahn-Hellersdorf,3782,67,36,202,19,222,95,32,175,184,15,1487,372,444,247,185
1995,Zuzug,Mitte,6841,291,239,825,103,1052,444,180,749,679,67,1231,249,361,226,145
1995,Zuzug,Neukölln,4338,219,151,543,64,691,306,120,453,424,35,848,127,150,134,73
1995,Zuzug,Pankow,5993,157,162,418,56,635,309,102,498,411,31,1682,545,477,277,233
1995,Zuzug,Reinickendorf,2848,201,68,340,18,378,183,63,277,249,30,693,139,91,72,46
1995,Zuzug,Spandau,3239,189,75,328,25,402,153,66,256,272,8,1098,136,126,64,41
1995,Zuzug,Steglitz-Zehlendorf,5508,271,203,683,54,965,489,164,628,626,56,907,144,148,105,65
1995,Zuzug,Tempelhof-Schöneberg,5127,281,188,607,71,874,416,170,602,611,26,827,134,145,118,57
1995,Zuzug,Treptow-Köpenick,2765,96,48,202,11,226,82,70,206,189,12,1000,191,202,141,89
1996,Fortzug,Charlottenburg-Wilmersdorf,6605,336,293,725,63,965,404,136,599,782,34,1844,125,153,95,51
1996,Fortzug,Friedrichshain-Kreuzberg,6115,211,183,584,65,743,306,171,460,484,31,2130,230,235,167,115
1996,Fortzug,Lichtenberg,7083,134,73,270,31,419,202,110,240,389,16,3899,287,551,278,184
1996,Fortzug,Marzahn-Hellersdorf,7878,175,92,313,28,286,170,116,233,345,17,4954,354,387,240,168
1996,Fortzug,Mitte,8063,318,210,772,53,871,519,177,611,829,27,2870,194,316,190,106
1996,Fortzug,Neukölln,5999,282,163,653,55,644,260,123,428,647,20,2295,112,147,116,54
1996,Fortzug,Pankow,7078,161,144,352,40,408,179,76,345,352,40,3736,406,389,257,193
1996,Fortzug,Reinickendorf,4772,265,110,550,31,450,222,108,173,478,11,2114,101,85,52,22
1996,Fortzug,Spandau,4508,238,80,482,33,415,133,83,243,370,15,2141,95,97,61,22
1996,Fortzug,Steglitz-Zehlendorf,6833,346,158,689,44,784,385,178,591,676,32,2544,118,124,105,59
1996,Fortzug,Tempelhof-Schöneberg,6871,340,229,766,73,810,421,134,520,675,42,2452,110,124,103,72
1996,Fortzug,Treptow-Köpenick,4271,89,56,178,15,227,120,40,188,247,3,2526,154,234,108,86
1996,Zuzug,Charlottenburg-Wilmersdorf,5971,291,317,651,86,1073,521,159,669,768,49,844,154,170,144,75
1996,Zuzug,Friedrichshain-Kreuzberg,5802,202,208,583,77,778,395,139,624,532,43,1179,337,342,235,128
1996,Zuzug,Lichtenberg,4288,106,63,224,21,347,169,45,287,256,3,1394,351,598,295,129
1996,Zuzug,Marzahn-Hellersdorf,3802,80,45,187,11,183,57,39,200,165,22,1739,308,377,243,146
1996,Zuzug,Mitte,6792,301,265,743,76,1065,456,175,738,719,64,1200,223,358,281,128
1996,Zuzug,Neukölln,4359,216,164,556,68,668,241,133,395,454,22,952,135,179,118,58
1996,Zuzug,Pankow,6537,167,213,481,85,620,269,135,503,484,21,1979,485,519,335,241
1996,Zuzug,Reinickendorf,2942,176,74,339,27,370,182,64,259,306,12,807,103,114,80,29
1996,Zuzug,Spandau,2918,147,72,280,23,309,134,69,218,205,8,1037,95,211,68,42
1996,Zuzug,Steglitz-Zehlendorf,5289,268,207,594,62,877,444,123,602,599,35,1021,125,143,122,67
1996,Zuzug,Tempelhof-Schöneberg,5098,223,212,705,86,827,342,143,591,568,42,883,124,176,126,50
1996,Zuzug,Treptow-Köpenick,3552,72,44,266,24,248,108,42,196,199,14,1609,171,277,156,126
1997,Fortzug,Charlottenburg-Wilmersdorf,7106,350,292,706,63,960,456,153,688,679,25,2283,137,172,84,58
1997,Fortzug,Friedrichshain-Kreuzberg,6620,177,207,528,68,707,321,145,495,529,28,2618,242,259,189,107
1997,Fortzug,Lichtenberg,8322,165,63,286,27,395,260,90,303,327,34,5149,396,429,224,174
1997,Fortzug,Marzahn-Hellersdorf,10244,164,66,328,21,353,143,135,275,325,28,7345,333,356,213,159
1997,Fortzug,Mitte,8699,274,240,676,62,827,529,161,602,789,36,3654,205,350,186,108
1997,Fortzug,Neukölln,6602,285,137,705,47,721,277,129,515,544,21,2795,131,137,112,46
1997,Fortzug,Pankow,8903,159,145,330,36,416,211,128,374,456,22,5306,456,412,255,197
1997,Fortzug,Reinickendorf,5554,237,71,481,23,430,174,90,196,456,10,3109,95,91,65,26
1997,Fortzug,Spandau,5427,238,82,420,24,392,149,90,217,378,15,3083,79,164,68,28
1997,Fortzug,Steglitz-Zehlendorf,7688,343,183,743,42,668,401,195,571,729,30,3348,121,168,97,49
1997,Fortzug,Tempelhof-Schöneberg,7239,326,204,732,66,764,397,161,546,649,51,2877,128,143,114,81
1997,Fortzug,Treptow-Köpenick,4984,112,68,197,25,201,127,83,228,204,7,3067,205,217,132,111
1997,Zuzug,Charlottenburg-Wilmersdorf,5997,276,378,693,122,1076,499,164,613,690,57,855,150,175,153,96
1997,Zuzug,Friedrichshain-Kreuzberg,6253,216,244,651,80,902,389,158,662,515,53,1245,341,366,300,131
1997,Zuzug,Lichtenberg,4849,100,60,258,25,347,153,70,215,260,20,1808,417,586,346,184
1997,Zuzug,Marzahn-Hellersdorf,3636,74,38,215,9,161,78,37,119,138,11,1782,310,320,213,131
1997,Zuzug,Mitte,6991,286,267,733,81,1098,469,225,721,727,69,1307,281,309,284,134
1997,Zuzug,Neukölln,4666,200,135,519,59,661,269,106,437,471,37,1145,147,184,188,108
1997,Zuzug,Pankow,7399,242,233,479,88,784,366,130,566,466,44,2333,585,529,355,199
1997,Zuzug,Reinickendorf,3115,182,92,349,33,398,202,72,263,213,14,980,107,103,76,31
1997,Zuzug,Spandau,3358,141,67,319,32,381,126,107,188,305,13,1231,106,224,81,37
1997,Zuzug,Steglitz-Zehlendorf,5070,282,171,542,38,852,362,139,511,603,40,1046,101,185,128,70
1997,Zuzug,Tempelhof-Schöneberg,5427,222,194,661,68,801,348,162,575,598,32,1270,158,166,112,60
1997,Zuzug,Treptow-Köpenick,4663,78,46,614,11,313,104,49,244,164,12,2281,206,257,181,103
1998,Fortzug,Charlottenburg-Wilmersdorf,7596,339,293,728,70,976,445,140,684,794,29,2672,112,136,109,69
1998,Fortzug,Friedrichshain-Kreuzberg,6490,165,187,447,57,643,311,134,531,518,23,2661,226,284,186,117
1998,Fortzug,Lichtenberg,8713,133,71,308,28,359,177,60,291,376,16,5724,389,411,196,174
1998,Fortzug,Marzahn-Hellersdorf,9686,133,79,297,13,306,138,90,291,356,12,7055,326,289,169,132
1998,Fortzug,Mitte,9267,316,205,750,59,839,521,170,704,923,38,3821,287,316,194,124
1998,Fortzug,Neukölln,6854,301,182,673,53,642,279,120,590,722,16,2865,131,121,109,50
1998,Fortzug,Pankow,9542,185,187,367,39,535,273,97,428,417,21,5610,484,406,283,210
1998,Fortzug,Reinickendorf,6018,275,106,501,25,402,243,113,244,448,13,3375,100,69,70,34
1998,Fortzug,Spandau,5926,212,106,437,25,431,142,61,278,473,27,3484,75,92,48,35
1998,Fortzug,Steglitz-Zehlendorf,7843,307,193,636,55,700,335,168,622,758,22,3623,117,157,97,53
1998,Fortzug,Tempelhof-Schöneberg,7926,302,203,699,51,749,436,174,572,856,38,3433,120,136,109,48
1998,Fortzug,Treptow-Köpenick,5526,100,58,184,20,242,137,63,243,242,15,3600,171,215,140,96
1998,Zuzug,Charlottenburg-Wilmersdorf,7943,389,441,980,123,1491,604,202,862,954,82,1071,204,238,217,85
1998,Zuzug,Friedrichshain-Kreuzberg,7233,280,272,822,112,1009,445,183,721,664,57,1423,397,403,281,164
1998,Zuzug,Lichtenberg,4899,82,52,236,26,315,139,51,215,223,22,2061,454,511,340,172
1998,Zuzug,Marzahn-Hellersdorf,3709,98,22,189,14,194,64,28,125,128,13,1790,343,295,271,135
1998,Zuzug,Mitte,8670,389,329,911,131,1420,574,266,847,836,66,1613,371,413,342,162
1998,Zuzug,Neukölln,4954,253,159,578,57,684,277,136,408,497,29,1234,204,225,156,57
1998,Zuzug,Pankow,8502,253,261,638,115,891,450,181,661,562,39,2617,626,536,432,240
1998,Zuzug,Reinickendorf,3617,181,65,401,20,545,151,92,306,273,21,1215,106,111,92,38
1998,Zuzug,Spandau,3411,186,64,322,28,410,128,94,206,290,18,1268,107,136,111,43
1998,Zuzug,Steglitz-Zehlendorf,6130,346,177,685,77,1047,448,142,684,666,46,1176,154,235,164,83
1998,Zuzug,Tempelhof-Schöneberg,6532,293,234,898,81,975,430,163,660,628,74,1547,164,188,136,61
1998,Zuzug,Treptow-Köpenick,4866,92,46,541,20,286,124,61,205,211,11,2409,240,319,200,101
1999,Fortzug,Charlottenburg-Wilmersdorf,7483,334,315,642,79,979,493,144,679,872,34,2461,159,132,94,66
1999,Fortzug,Friedrichshain-Kreuzberg,6457,188,212,462,56,751,358,152,570,600,20,2419,241,230,119,79
1999,Fortzug,Lichtenberg,8007,110,85,344,17,405,196,94,324,357,13,5053,375,301,197,136
1999,Fortzug,Marzahn-Hellersdorf,9057,102,73,281,22,352,130,70,369,337,13,6430,350,235,183,110
1999,Fortzug,Mitte,8645,251,251,685,85,913,511,188,702,849,38,3300,244,312,212,104
1999,Fortzug,Neukölln,6378,259,157,537,39,637,295,137,473,781,33,2583,136,143,126,42
1999,Fortzug,Pankow,9462,151,214,386,42,547,283,80,463,505,10,5526,475,384,222,174
1999,Fortzug,Reinickendorf,5471,218,93,428,26,399,213,100,171,381,10,3163,88,76,72,33
1999,Fortzug,Spandau,5706,222,80,401,22,380,163,78,242,408,2,3383,134,63,86,42
1999,Fortzug,Steglitz-Zehlendorf,7496,266,185,622,60,687,437,145,602,759,25,3298,137,116,98,59
1999,Fortzug,Tempelhof-Schöneberg,7434,291,211,618,37,798,442,170,559,817,29,3032,117,147,110,56
1999,Fortzug,Treptow-Köpenick,5274,91,64,210,29,252,117,61,261,271,9,3260,260,187,109,93
1999,Zuzug,Charlottenburg-Wilmersdorf,7672,316,417,764,102,1980,579,177,677,762,66,1119,204,191,214,104
1999,Zuzug,Friedrichshain-Kreuzberg,7712,251,339,781,89,1299,482,201,796,628,54,1543,384,408,305,152
1999,Zuzug,Lichtenberg,4696,91,63,202,24,369,123,57,176,207,13,1967,484,464,297,159
1999,Zuzug,Marzahn-Hellersdorf,3966,74,29,200,14,200,78,30,129,132,5,2048,387,303,224,113
1999,Zuzug,Mitte,9363,318,353,792,107,2123,552,244,794,859,62,1789,379,479,323,189
1999,Zuzug,Neukölln,4892,164,177,545,55,706,273,134,373,444,23,1402,155,228,123,90
1999,Zuzug,Pankow,9614,258,349,605,106,1502,443,179,760,679,40,2759,657,606,414,257
1999,Zuzug,Reinickendorf,3748,124,86,314,40,869,181,101,246,261,13,1154,137,90,94,38
1999,Zuzug,Spandau,3579,152,71,304,34,560,114,65,167,250,16,1419,154,124,107,42
1999,Zuzug,Steglitz-Zehlendorf,6291,284,201,589,60,1697,376,188,532,483,37,1324,158,175,131,56
1999,Zuzug,Tempelhof-Schöneberg,7458,265,252,1144,89,1361,416,141,573,529,31,2148,146,199,102,62
1999,Zuzug,Treptow-Köpenick,4654,81,59,557,37,396,122,71,207,212,15,2144,198,308,146,101
2000,Fortzug,Charlottenburg-Wilmersdorf,7159,272,329,645,78,864,549,174,677,845,31,2245,139,172,84,55
2000,Fortzug,Friedrichshain-Kreuzberg,6238,206,238,469,50,754,345,112,599,656,36,2046,243,263,151,70
2000,Fortzug,Lichtenberg,7605,124,105,317,33,452,163,105,347,488,19,4412,348,314,213,165
2000,Fortzug,Marzahn-Hellersdorf,7860,124,62,274,18,322,144,87,317,388,21,5216,341,264,150,132
2000,Fortzug,Mitte,8471,337,291,692,65,1036,433,213,710,829,22,2953,286,303,179,122
2000,Fortzug,Neukölln,6144,239,149,497,56,709,315,150,487,721,25,2386,131,122,113,44
2000,Fortzug,Pankow,9228,212,237,394,42,623,301,109,517,661,23,4842,487,396,243,141
2000,Fortzug,Reinickendorf,5264,176,91,468,43,399,292,93,351,450,22,2600,99,76,78,26
2000,Fortzug,Spandau,5191,192,92,316,25,469,147,86,207,381,14,2971,96,108,51,36
2000,Fortzug,Steglitz-Zehlendorf,6980,292,182,556,33,759,380,147,573,538,16,3091,102,156,82,73
2000,Fortzug,Tempelhof-Schöneberg,7223,288,217,560,47,872,412,145,660,832,31,2782,121,137,73,46
2000,Fortzug,Treptow-Köpenick,5066,95,64,209,25,250,125,65,207,285,4,3168,202,207,83,77
2000,Zuzug,Charlottenburg-Wilmersdorf,7276,299,371,718,103,1522,551,183,717,814,53,1182,180,243,211,129
2000,Zuzug,Friedrichshain-Kreuzberg,8717,301,434,770,128,1272,593,252,919,791,54,1728,486,489,332,168
2000,Zuzug,Lichtenberg,5086,98,82,358,30,405,123,51,253,235,19,2043,470,425,336,158
2000,Zuzug,Marzahn-Hellersdorf,4068,67,31,202,21,198,76,51,164,158,19,2117,345,264,230,125
2000,Zuzug,Mitte,10005,355,433,966,124,2030,625,283,882,938,82,1893,361,494,330,209
2000,Zuzug,Neukölln,5087,171,161,529,50,730,284,138,376,471,23,1461,171,259,172,91
2000,Zuzug,Pankow,10486,270,432,669,121,1476,574,198,852,774,40,3064,710,583,435,288
2000,Zuzug,Reinickendorf,3711,157,76,287,31,622,187,96,212,283,5,1406,106,117,91,35
2000,Zuzug,Spandau,3998,165,93,340,38,559,137,75,201,250,21,1592,163,164,157,43
2000,Zuzug,Steglitz-Zehlendorf,5848,230,207,519,55,1196,376,151,520,499,27,1489,152,217,130,80
2000,Zuzug,Tempelhof-Schöneberg,7681,250,239,2350,77,984,380,141,535,566,49,1473,180,181,178,98
2000,Zuzug,Treptow-Köpenick,4646,96,69,387,15,345,141,77,188,239,15,2118,269,324,220,143
2001,Fortzug,Charlottenburg-Wilmersdorf,6721,237,297,566,83,900,472,156,607,939,26,2004,127,154,97,56
2001,Fortzug,Friedrichshain-Kreuzberg,6137,168,245,422,46,825,315,126,662,706,33,1846,253,256,138,96
2001,Fortzug,Lichtenberg,7009,127,102,294,28,446,206,123,441,519,14,3818,320,236,189,146
2001,Fortzug,Marzahn-Hellersdorf,7648,138,91,330,22,422,181,77,384,560,15,4628,302,201,187,110
2001,Fortzug,Mitte,8513,263,318,683,78,1255,503,194,918,1011,39,2356,276,321,180,118
2001,Fortzug,Neukölln,6207,230,171,561,61,695,309,144,656,757,15,2146,102,191,106,63
2001,Fortzug,Pankow,9611,217,259,423,59,712,346,134,592,812,35,4724,507,393,219,179
2001,Fortzug,Reinickendorf,4976,200,90,366,33,457,176,105,344,438,14,2494,96,87,55,21
2001,Fortzug,Spandau,4964,193,78,341,21,397,187,71,296,473,8,2602,95,94,72,36
2001,Fortzug,Steglitz-Zehlendorf,6661,299,156,492,49,702,386,121,539,751,27,2794,103,108,81,53
2001,Fortzug,Tempelhof-Schöneberg,6703,237,209,608,72,831,398,156,641,823,20,2297,106,161,91,53
2001,Fortzug,Treptow-Köpenick,5093,144,70,190,24,293,127,79,316,371,3,2824,208,212,107,125
2001,Zuzug,Charlottenburg-Wilmersdorf,7448,277,391,701,108,1443,624,210,707,825,43,1207,251,355,213,93
2001,Zuzug,Friedrichshain-Kreuzberg,9049,237,446,838,147,1326,646,210,992,919,63,1699,441,545,327,213
2001,Zuzug,Lichtenberg,5541,91,90,246,39,407,121,71,247,244,23,2372,579,487,346,178
2001,Zuzug,Marzahn-Hellersdorf,4081,91,47,253,10,230,70,70,124,202,13,2006,381,253,222,109
2001,Zuzug,Mitte,10362,380,465,923,122,1819,703,257,1014,1030,69,1979,500,552,364,185
2001,Zuzug,Neukölln,5466,183,141,543,78,771,323,127,443,515,46,1533,210,284,168,101
2001,Zuzug,Pankow,11027,295,457,769,102,1417,609,213,853,911,56,3088,819,648,460,330
2001,Zuzug,Reinickendorf,3733,121,76,285,23,507,205,63,236,271,26,1505,136,119,112,48
2001,Zuzug,Spandau,4097,168,88,292,36,522,176,54,226,292,7,1745,152,159,125,55
2001,Zuzug,Steglitz-Zehlendorf,5856,235,184,497,50,1103,354,133,550,540,29,1516,191,221,163,90
2001,Zuzug,Tempelhof-Schöneberg,7736,216,309,2358,48,951,369,155,543,572,34,1505,173,234,177,92
2001,Zuzug,Treptow-Köpenick,5146,99,69,740,20,310,171,67,217,244,17,2200,300,349,214,129
2002,Fortzug,Charlottenburg-Wilmersdorf,6768,283,278,538,80,1002,516,180,688,774,52,1816,192,189,109,71
2002,Fortzug,Friedrichshain-Kreuzberg,6450,185,260,480,75,878,365,186,706,763,38,1741,249,252,155,117
2002,Fortzug,Lichtenberg,6895,120,128,339,28,470,231,83,446,461,9,3550,374,285,211,160
2002,Fortzug,Marzahn-Hellersdorf,6817,131,83,294,27,363,145,92,381,468,15,4076,277,217,150,98
2002,Fortzug,Mitte,8865,317,342,769,98,1196,571,218,861,1019,40,2448,287,358,212,129
2002,Fortzug,Neukölln,6303,228,159,563,51,773,287,152,634,771,38,2114,155,153,152,73
2002,Fortzug,Pankow,9802,229,311,478,67,752,392,130,739,787,39,4576,498,379,261,164
2002,Fortzug,Reinickendorf,4997,204,112,376,27,423,199,66,324,438,22,2558,94,69,57,28
2002,Fortzug,Spandau,4898,214,114,359,23,463,195,88,284,436,21,2379,102,119,77,24
2002,Fortzug,Steglitz-Zehlendorf,6738,250,189,520,53,753,353,136,623,725,25,2697,110,145,109,50
2002,Fortzug,Tempelhof-Schöneberg,6772,306,224,678,52,815,369,147,687,773,33,2272,114,139,101,62
2002,Fortzug,Treptow-Köpenick,5441,115,78,250,38,338,140,69,309,355,22,3075,228,238,103,83
2002,Zuzug,Charlottenburg-Wilmersdorf,7056,294,440,694,93,1300,491,179,657,781,57,1312,220,244,194,100
2002,Zuzug,Friedrichshain-Kreuzberg,9448,311,549,847,136,1408,609,215,1012,975,47,1789,463,514,339,234
2002,Zuzug,Lichtenberg,5879,132,104,290,24,381,165,80,240,286,12,2592,532,446,396,199
2002,Zuzug,Marzahn-Hellersdorf,4333,101,45,203,18,226,85,49,166,180,11,2258,314,294,257,126
2002,Zuzug,Mitte,10544,364,527,918,124,1731,648,271,1054,1195,70,2008,470,542,415,207
2002,Zuzug,Neukölln,5570,184,156,529,64,737,353,146,475,559,25,1554,185,263,226,114
2002,Zuzug,Pankow,11076,290,507,809,104,1275,611,173,859,899,61,3315,736,677,467,293
2002,Zuzug,Reinickendorf,3683,177,68,293,15,434,170,73,224,291,14,1586,108,93,81,56
2002,Zuzug,Spandau,4034,161,83,337,23,359,129,71,191,283,26,1833,196,141,147,54
2002,Zuzug,Steglitz-Zehlendorf,5536,258,181,486,56,884,303,101,523,490,33,1626,162,230,132,71
2002,Zuzug,Tempelhof-Schöneberg,7708,267,313,2288,62,864,361,131,549,651,30,1514,164,257,178,79
2002,Zuzug,Treptow-Köpenick,4829,116,85,481,18,340,141,62,180,233,16,2208,290,315,203,141
2003,Fortzug,Charlottenburg-Wilmersdorf,6633,238,309,641,92,966,450,129,664,786,26,1784,145,182,142,79
2003,Fortzug,Friedrichshain-Kreuzberg,6831,241,259,537,94,920,399,163,804,679,34,1741,256,380,207,117
2003,Fortzug,Lichtenberg,7189,174,180,348,37,484,220,98,367,430,21,3775,363,344,216,132
2003,Fortzug,Marzahn-Hellersdorf,7135,157,98,306,30,412,155,90,362,366,15,4242,310,243,221,128
2003,Fortzug,Mitte,8969,307,353,826,91,1268,491,220,882,998,61,2361,349,330,288,144
2003,Fortzug,Neukölln,6366,246,170,600,69,872,278,133,580,778,26,2084,154,175,142,59
2003,Fortzug,Pankow,10196,273,330,546,89,851,378,131,673,746,25,4738,535,414,276,191
2003,Fortzug,Reinickendorf,5102,178,118,429,31,432,202,110,358,447,18,2431,157,82,64,45
2003,Fortzug,Spandau,4881,245,116,397,21,401,183,86,304,397,8,2376,94,120,101,32
2003,Fortzug,Steglitz-Zehlendorf,6532,290,194,508,65,723,354,123,583,692,29,2535,96,164,111,65
2003,Fortzug,Tempelhof-Schöneberg,6660,251,287,570,71,838,374,135,606,746,24,2268,122,160,125,83
2003,Fortzug,Treptow-Köpenick,5581,128,101,285,26,381,133,67,313,368,11,3121,238,205,118,86
2003,Zuzug,Charlottenburg-Wilmersdorf,6669,255,307,654,84,1213,509,165,621,797,53,1312,220,204,189,86
2003,Zuzug,Friedrichshain-Kreuzberg,8902,299,398,819,153,1381,568,239,902,869,47,1663,483,529,331,221
2003,Zuzug,Lichtenberg,5640,96,65,314,21,342,183,69,246,310,11,2542,497,455,321,168
2003,Zuzug,Marzahn-Hellersdorf,4337,117,40,210,10,227,112,60,170,219,15,2218,305,253,270,111
2003,Zuzug,Mitte,9870,318,421,860,121,1599,571,230,976,1058,67,2034,479,479,425,232
2003,Zuzug,Neukölln,5115,160,124,445,60,706,293,129,441,554,21,1459,180,253,188,102
2003,Zuzug,Pankow,10094,305,403,681,141,1220,556,182,809,890,50,2916,642,617,426,256
2003,Zuzug,Reinickendorf,3516,135,72,249,32,392,156,73,239,323,6,1441,134,114,101,49
2003,Zuzug,Spandau,3783,128,83,284,35,359,145,78,236,245,6,1674,142,153,146,69
2003,Zuzug,Steglitz-Zehlendorf,5293,197,174,421,40,803,339,120,431,529,36,1629,143,187,165,79
2003,Zuzug,Tempelhof-Schöneberg,7140,196,229,2128,62,876,329,117,470,580,56,1474,147,209,175,92
2003,Zuzug,Treptow-Köpenick,4673,119,91,290,20,282,145,69,204,287,5,2286,293,289,176,117
2004,Fortzug,Charlottenburg-Wilmersdorf,6904,294,366,618,63,952,489,159,694,815,37,1876,166,182,122,71
2004,Fortzug,Friedrichshain-Kreuzberg,7155,252,371,564,71,949,422,203,744,673,44,1879,313,377,190,103
2004,Fortzug,Lichtenberg,6736,179,152,325,36,446,215,91,400,370,19,3529,339,274,215,146
2004,Fortzug,Marzahn-Hellersdorf,6706,164,144,301,44,379,148,85,313,367,31,3883,319,270,140,118
2004,Fortzug,Mitte,9110,315,428,704,100,1304,513,193,916,996,61,2434,355,407,237,147
2004,Fortzug,Neukölln,6268,265,208,554,52,761,271,162,558,687,43,2206,127,163,140,71
2004,Fortzug,Pankow,10401,275,351,501,91,962,416,154,644,672,44,4843,542,447,242,217
2004,Fortzug,Reinickendorf,5101,254,135,365,36,378,223,85,331,373,24,2571,108,94,78,46
2004,Fortzug,Spandau,4920,195,89,360,44,481,153,96,277,336,8,2527,113,110,81,50
2004,Fortzug,Steglitz-Zehlendorf,6715,287,189,540,53,683,348,150,460,616,34,2822,136,205,114,78
2004,Fortzug,Tempelhof-Schöneberg,6839,286,275,588,67,888,397,169,597,666,43,2335,127,201,128,72
2004,Fortzug,Treptow-Köpenick,5482,149,96,290,25,318,179,67,265,342,26,3050,240,231,119,85
2004,Zuzug,Charlottenburg-Wilmersdorf,6517,276,331,611,70,1038,489,146,590,778,36,1395,219,237,192,109
2004,Zuzug,Friedrichshain-Kreuzberg,8863,296,464,729,143,1348,573,214,871,854,52,1822,443,459,350,245
2004,Zuzug,Lichtenberg,5193,96,91,233,24,343,135,68,228,270,16,2327,514,367,304,177
2004,Zuzug,Marzahn-Hellersdorf,4297,86,49,182,18,199,88,61,148,225,13,2275,324,278,239,112
2004,Zuzug,Mitte,9426,350,423,787,105,1414,579,249,900,947,48,2051,447,508,372,246
2004,Zuzug,Neukölln,5002,167,163,497,57,681,279,128,407,514,33,1427,180,228,165,76
2004,Zuzug,Pankow,10002,293,438,696,86,1159,532,193,796,796,39,3035,654,606,393,286
2004,Zuzug,Reinickendorf,3394,137,78,236,14,374,149,55,199,313,13,1435,105,123,109,54
2004,Zuzug,Spandau,3613,123,74,289,24,348,126,69,187,285,16,1615,141,158,121,37
2004,Zuzug,Steglitz-Zehlendorf,5456,227,178,441,46,725,293,123,417,582,23,1772,155,223,171,80
2004,Zuzug,Tempelhof-Schöneberg,7100,206,213,2051,71,825,312,135,480,577,52,1521,171,225,172,89
2004,Zuzug,Treptow-Köpenick,4341,80,79,232,15,295,145,67,180,249,6,2158,238,293,197,107
2005,Fortzug,Charlottenburg-Wilmersdorf,6837,266,309,626,74,975,464,162,658,837,36,1839,166,205,146,74
2005,Fortzug,Friedrichshain-Kreuzberg,6925,220,366,505,64,879,443,179,765,779,55,1700,276,362,172,160
2005,Fortzug,Lichtenberg,6184,155,147,229,26,390,198,98,347,390,11,3226,360,265,237,105
2005,Fortzug,Marzahn-Hellersdorf,6134,148,106,249,22,368,137,101,345,331,12,3449,311,246,208,101
2005,Fortzug,Mitte,8658,319,439,672,69,1166,612,247,824,915,33,2318,308,361,212,163
2005,Fortzug,Neukölln,5842,185,202,513,45,624,285,135,479,641,34,2180,149,185,127,58
2005,Fortzug,Pankow,10061,226,378,536,85,847,491,179,703,798,36,4354,468,516,254,190
2005,Fortzug,Reinickendorf,5024,207,115,349,25,389,196,106,270,430,21,2578,106,93,92,47
2005,Fortzug,Spandau,4753,181,112,361,10,347,151,97,287,389,10,2452,111,115,96,34
2005,Fortzug,Steglitz-Zehlendorf,6470,253,163,408,62,708,328,159,512,642,32,2720,139,167,125,52
2005,Fortzug,Tempelhof-Schöneberg,6500,239,242,573,44,784,364,149,619,718,23,2301,150,137,92,65
2005,Fortzug,Treptow-Köpenick,5430,151,91,261,25,312,143,103,257,285,7,3109,220,234,139,93
2005,Zuzug,Charlottenburg-Wilmersdorf,6663,242,324,660,92,1078,435,150,612,773,39,1442,212,273,213,118
2005,Zuzug,Friedrichshain-Kreuzberg,9267,330,473,748,140,1253,666,226,994,897,69,1873,486,519,354,239
2005,Zuzug,Lichtenberg,5678,105,105,335,23,366,143,84,257,311,15,2438,514,474,348,160
2005,Zuzug,Marzahn-Hellersdorf,4474,85,67,231,24,265,102,71,209,216,10,2291,288,283,223,109
2005,Zuzug,Mitte,9664,300,421,907,103,1370,602,249,947,918,55,2147,470,559,380,236
2005,Zuzug,Neukölln,5026,155,174,473,62,633,289,118,461,596,22,1376,178,224,167,98
2005,Zuzug,Pankow,10307,270,507,678,92,1273,584,207,883,820,48,2931,668,633,413,300
2005,Zuzug,Reinickendorf,3259,121,82,275,33,388,164,55,180,230,7,1332,120,111,119,42
2005,Zuzug,Spandau,3534,141,87,316,31,330,96,59,221,244,21,1542,137,132,124,53
2005,Zuzug,Steglitz-Zehlendorf,5329,243,175,379,62,701,341,141,475,504,38,1661,162,211,148,88
2005,Zuzug,Tempelhof-Schöneberg,6747,173,184,2018,54,765,342,147,415,549,38,1424,174,231,144,89
2005,Zuzug,Treptow-Köpenick,4542,88,80,254,27,339,157,83,229,245,15,2111,288,279,217,130
2006,Fortzug,Charlottenburg-Wilmersdorf,6455,257,379,603,68,882,459,145,603,821,37,1659,184,174,114,70
2006,Fortzug,Friedrichshain-Kreuzberg,6710,233,433,509,108,889,412,171,726,750,41,1599,246,335,157,101
2006,Fortzug,Lichtenberg,6279,186,150,310,34,402,214,115,308,430,17,3214,356,274,147,122
2006,Fortzug,Marzahn-Hellersdorf,5761,131,107,283,23,342,129,92,258,343,18,3275,308,242,135,75
2006,Fortzug,Mitte,8531,277,442,704,91,1212,536,205,822,1010,63,2124,301,392,225,127
2006,Fortzug,Neukölln,5372,237,205,451,63,599,300,132,471,610,17,1780,147,212,87,61
2006,Fortzug,Pankow,9672,246,417,491,68,875,406,164,711,804,27,4072,497,502,229,163
2006,Fortzug,Reinickendorf,4881,185,121,333,26,454,205,65,285,439,16,2438,127,77,72,38
2006,Fortzug,Spandau,4432,151,93,342,25,377,147,97,220,375,10,2229,129,116,82,39
2006,Fortzug,Steglitz-Zehlendorf,6348,262,259,499,45,636,322,137,548,696,18,2492,145,136,110,43
2006,Fortzug,Tempelhof-Schöneberg,6210,234,251,514,64,765,326,157,529,683,32,2192,138,164,96,65
2006,Fortzug,Treptow-Köpenick,5024,114,109,229,38,313,155,52,258,320,18,2690,225,243,140,120
2006,Zuzug,Charlottenburg-Wilmersdorf,6888,270,305,608,87,1196,506,141,656,808,47,1401,214,300,210,139
2006,Zuzug,Friedrichshain-Kreuzberg,9943,317,415,830,170,1497,649,257,983,983,57,1870,558,659,407,291
2006,Zuzug,Lichtenberg,5862,138,124,302,25,378,176,84,262,335,13,2455,592,440,351,187
2006,Zuzug,Marzahn-Hellersdorf,4604,111,62,218,13,310,105,64,193,216,9,2365,406,251,193,88
2006,Zuzug,Mitte,10690,306,473,886,116,1656,706,276,1014,1036,104,2213,553,658,440,253
2006,Zuzug,Neukölln,5117,177,174,552,55,701,273,138,433,512,19,1339,179,288,183,94
2006,Zuzug,Pankow,10662,299,508,719,96,1352,545,243,878,878,39,3027,678,667,443,290
2006,Zuzug,Reinickendorf,3569,148,70,242,22,430,171,65,269,299,11,1419,138,125,111,49
2006,Zuzug,Spandau,3867,141,113,345,38,351,134,60,184,274,10,1657,197,161,136,66
2006,Zuzug,Steglitz-Zehlendorf,5383,232,146,463,45,848,354,140,351,515,39,1550,175,240,186,99
2006,Zuzug,Tempelhof-Schöneberg,6143,165,205,898,66,848,392,156,522,578,44,1511,195,274,190,99
2006,Zuzug,Treptow-Köpenick,4902,118,69,257,26,348,217,64,256,249,11,2227,294,376,248,142
2007,Fortzug,Charlottenburg-Wilmersdorf,6438,246,333,573,54,896,422,171,680,838,26,1611,172,202,135,79
2007,Fortzug,Friedrichshain-Kreuzberg,6914,209,449,465,103,966,456,148,773,741,32,1638,268,351,194,121
2007,Fortzug,Lichtenberg,5785,156,153,316,24,393,172,125,335,366,21,2846,298,302,174,104
2007,Fortzug,Marzahn-Hellersdorf,5691,137,102,289,24,393,181,62,268,376,11,3074,282,221,168,103
2007,Fortzug,Mitte,8355,266,426,703,77,1373,585,152,780,994,42,1950,340,334,221,112
2007,Fortzug,Neukölln,5632,214,165,508,60,693,261,139,562,648,36,1869,153,156,117,51
2007,Fortzug,Pankow,9829,272,484,506,90,947,484,142,688,758,34,3936,517,542,239,190
2007,Fortzug,Reinickendorf,4700,149,117,283,45,417,172,110,338,422,21,2314,113,80,69,50
2007,Fortzug,Spandau,4500,205,112,312,28,371,136,91,276,360,17,2227,136,104,89,36
2007,Fortzug,Steglitz-Zehlendorf,5947,224,209,453,73,655,299,123,460,571,15,2357,133,189,114,72
2007,Fortzug,Tempelhof-Schöneberg,6230,232,256,474,69,775,381,138,514,707,26,2152,157,151,128,70
2007,Fortzug,Treptow-Köpenick,5127,134,98,247,30,358,192,94,270,343,7,2608,253,282,129,82
2007,Zuzug,Charlottenburg-Wilmersdorf,7274,278,335,650,82,1210,511,206,668,795,56,1483,250,364,239,147
2007,Zuzug,Friedrichshain-Kreuzberg,10276,283,512,869,155,1496,673,215,1054,1142,59,1878,582,685,394,279
2007,Zuzug,Lichtenberg,6013,117,108,389,37,414,189,96,245,335,21,2537,502,449,359,215
2007,Zuzug,Marzahn-Hellersdorf,4797,88,61,276,12,331,119,77,209,270,17,2325,351,272,262,127
2007,Zuzug,Mitte,11475,347,530,1003,124,1744,686,303,1102,1155,92,2330,603,639,545,272
2007,Zuzug,Neukölln,5737,198,188,536,79,791,335,180,472,610,47,1473,225,280,209,114
2007,Zuzug,Pankow,11399,304,466,728,105,1438,603,266,927,996,51,3214,737,801,445,318
2007,Zuzug,Reinickendorf,3799,144,95,310,30,470,177,73,262,312,19,1462,156,137,96,56
2007,Zuzug,Spandau,4159,168,80,298,23,434,163,107,192,320,10,1773,189,173,155,74
2007,Zuzug,Steglitz-Zehlendorf,5882,212,178,515,77,791,431,167,478,581,21,1670,201,279,167,114
2007,Zuzug,Tempelhof-Schöneberg,6387,240,219,807,80,972,374,166,555,582,22,1559,217,273,196,125
2007,Zuzug,Treptow-Köpenick,5327,89,98,256,30,450,185,94,277,293,15,2369,325,419,263,164
2008,Fortzug,Charlottenburg-Wilmersdorf,5939,241,315,448,48,880,430,118,559,740,36,1610,142,183,119,70
2008,Fortzug,Friedrichshain-Kreuzberg,7015,223,433,474,94,879,495,144,779,809,50,1689,269,389,157,131
2008,Fortzug,Lichtenberg,6141,143,136,314,30,493,218,77,361,382,21,2927,341,354,210,134
2008,Fortzug,Marzahn-Hellersdorf,5617,159,116,274,31,401,139,78,307,339,18,3008,282,231,142,92
2008,Fortzug,Mitte,8288,293,465,686,104,1181,602,184,801,1001,70,1791,280,382,267,181
2008,Fortzug,Neukölln,5413,212,188,450,42,759,269,136,513,617,46,1661,132,221,102,65
2008,Fortzug,Pankow,9542,254,501,571,82,872,439,180,729,788,32,3721,464,468,245,196
2008,Fortzug,Reinickendorf,4583,186,109,307,42,500,185,56,275,381,17,2190,135,104,66,30
2008,Fortzug,Spandau,4324,205,55,317,23,462,144,70,247,338,11,2072,127,99,101,53
2008,Fortzug,Steglitz-Zehlendorf,6081,256,227,471,50,672,313,123,488,541,34,2415,155,177,93,66
2008,Fortzug,Tempelhof-Schöneberg,5797,210,237,457,58,694,351,103,523,625,34,1979,161,191,111,63
2008,Fortzug,Treptow-Köpenick,5205,146,127,259,34,320,162,66,321,313,9,2692,229,281,176,70
2008,Zuzug,Charlottenburg-Wilmersdorf,7635,273,369,708,104,1316,498,210,743,787,44,1531,309,363,239,141
2008,Zuzug,Friedrichshain-Kreuzberg,10433,298,512,827,159,1610,676,304,1155,1077,82,1828,522,690,404,289
2008,Zuzug,Lichtenberg,6745,150,134,403,35,465,236,104,376,405,29,2715,538,543,422,190
2008,Zuzug,Marzahn-Hellersdorf,4897,141,67,254,23,314,123,91,209,258,18,2374,347,309,246,123
2008,Zuzug,Mitte,11825,364,542,978,133,1785,735,322,1184,1192,87,2291,581,742,542,347
2008,Zuzug,Neukölln,6400,191,262,550,85,942,356,175,599,664,43,1540,244,381,231,137
2008,Zuzug,Pankow,11842,328,545,737,112,1535,675,270,930,1017,51,3243,730,777,541,351
2008,Zuzug,Reinickendorf,4002,157,120,328,57,485,186,117,234,384,25,1392,152,169,144,52
2008,Zuzug,Spandau,4199,161,92,371,26,442,145,59,208,332,17,1705,219,176,162,84
2008,Zuzug,Steglitz-Zehlendorf,6310,259,218,528,65,930,379,155,569,600,29,1794,222,268,188,106
2008,Zuzug,Tempelhof-Schöneberg,6872,229,247,801,89,1040,372,176,658,694,39,1580,265,330,216,136
2008,Zuzug,Treptow-Köpenick,5743,139,104,331,23,475,198,127,269,358,18,2465,328,464,294,150
2009,Fortzug,Charlottenburg-Wilmersdorf,6053,277,315,509,65,852,421,128,516,797,32,1551,151,222,127,90
2009,Fortzug,Friedrichshain-Kreuzberg,6635,193,399,531,95,885,409,155,625,780,25,1620,251,357,192,118
2009,Fortzug,Lichtenberg,5846,137,144,293,36,393,201,87,365,401,16,2710,349,350,240,124
2009,Fortzug,Marzahn-Hellersdorf,5147,123,91,272,24,342,128,82,252,273,12,2767,282,247,164,88
2009,Fortzug,Mitte,8116,250,472,653,82,1141,588,196,748,926,38,1860,354,368,274,166
2009,Fortzug,Neukölln,5303,231,201,461,54,722,290,95,456,551,25,1628,152,204,156,77
2009,Fortzug,Pankow,9250,273,415,539,100,925,445,152,611,784,45,3528,434,481,260,258
2009,Fortzug,Reinickendorf,4359,166,105,355,17,387,184,86,271,327,13,2108,133,94,74,39
2009,Fortzug,Spandau,4315,202,97,334,43,394,151,71,256,299,24,2090,111,104,100,39
2009,Fortzug,Steglitz-Zehlendorf,5940,243,214,463,60,638,287,113,427,560,23,2345,182,193,111,81
2009,Fortzug,Tempelhof-Schöneberg,5812,232,207,469,70,767,312,117,542,547,26,1934,184,200,127,78
2009,Fortzug,Treptow-Köpenick,5417,152,108,252,25,318,160,87,272,325,6,2980,255,251,139,87
2009,Zuzug,Charlottenburg-Wilmersdorf,8154,318,394,684,122,1406,550,171,785,970,57,1635,305,357,251,149
2009,Zuzug,Friedrichshain-Kreuzberg,10806,273,565,917,171,1642,693,332,1188,1190,80,1797,576,707,398,277
2009,Zuzug,Lichtenberg,6850,150,122,395,36,588,266,119,356,383,26,2621,528,582,435,243
2009,Zuzug,Marzahn-Hellersdorf,5230,102,55,303,26,394,160,68,255,243,14,2528,379,302,270,131
2009,Zuzug,Mitte,12819,405,596,1144,183,1926,809,404,1348,1294,77,2317,632,798,540,346
2009,Zuzug,Neukölln,7009,228,283,664,126,1004,433,217,730,773,46,1481,233,398,249,144
2009,Zuzug,Pankow,11587,280,531,748,116,1540,658,257,970,1030,49,3105,744,800,438,321
2009,Zuzug,Reinickendorf,3963,135,103,325,33,433,200,88,318,358,14,1398,192,162,148,56
2009,Zuzug,Spandau,4615,191,81,368,41,455,208,95,269,299,20,1888,214,200,213,73
2009,Zuzug,Steglitz-Zehlendorf,6592,247,222,579,79,960,424,171,574,632,37,1839,191,300,219,118
2009,Zuzug,Tempelhof-Schöneberg,7115,222,298,746,83,1068,411,148,652,618,62,1781,288,379,239,120
2009,Zuzug,Treptow-Köpenick,5806,154,134,302,28,420,230,92,322,368,11,2540,342,455,249,159
2010,Fortzug,Charlottenburg-Wilmersdorf,5796,255,328,512,77,842,432,143,501,679,35,1399,176,207,125,85
2010,Fortzug,Friedrichshain-Kreuzberg,6411,210,375,407,82,880,396,149,676,730,37,1506,266,388,180,129
2010,Fortzug,Lichtenberg,5645,135,145,305,22,433,181,74,298,374,26,2564,370,366,218,134
2010,Fortzug,Marzahn-Hellersdorf,5335,133,90,267,27,416,132,77,225,282,23,2815,299,256,179,114
2010,Fortzug,Mitte,8026,270,421,688,105,1160,577,207,782,823,60,1790,290,395,281,177
2010,Fortzug,Neukölln,5074,199,182,411,62,643,290,113,435,576,29,1559,166,220,113,76
2010,Fortzug,Pankow,9088,248,440,536,86,870,474,159,627,729,20,3537,473,460,231,198
2010,Fortzug,Reinickendorf,4123,173,111,288,38,398,193,74,228,302,16,1922,125,118,90,47
2010,Fortzug,Spandau,4165,207,82,335,33,419,140,41,228,301,20,1956,130,128,94,51
2010,Fortzug,Steglitz-Zehlendorf,5672,287,234,420,50,559,242,104,468,594,17,2182,130,183,111,91
2010,Fortzug,Tempelhof-Schöneberg,5589,229,271,444,65,684,337,105,501,553,20,1817,147,205,126,85
2010,Fortzug,Treptow-Köpenick,5244,131,115,275,27,327,150,85,252,299,10,2806,230,269,162,106
2010,Zuzug,Charlottenburg-Wilmersdorf,7826,293,415,622,111,1243,583,213,794,873,62,1565,301,363,223,165
2010,Zuzug,Friedrichshain-Kreuzberg,10203,278,569,865,181,1550,723,297,1060,1167,84,1650,467,705,341,266
2010,Zuzug,Lichtenberg,6504,148,107,416,43,481,225,123,354,381,27,2509,553,519,416,202
2010,Zuzug,Marzahn-Hellersdorf,5316,135,90,253,22,345,150,93,221,261,24,2611,360,359,235,157
2010,Zuzug,Mitte,12409,457,561,1057,181,1871,801,314,1244,1297,98,2302,592,786,544,304
2010,Zuzug,Neukölln,6833,230,286,591,130,1027,453,227,699,765,42,1429,219,401,188,146
2010,Zuzug,Pankow,11742,326,597,787,113,1569,764,295,940,1087,73,2986,654,798,423,330
2010,Zuzug,Reinickendorf,4074,156,98,307,55,507,190,100,301,381,11,1422,168,171,135,72
2010,Zuzug,Spandau,4646,153,98,373,50,513,163,86,254,362,11,1849,225,229,193,87
2010,Zuzug,Steglitz-Zehlendorf,6147,214,244,494,73,862,357,165,567,599,35,1740,202,274,193,128
2010,Zuzug,Tempelhof-Schöneberg,6960,245,296,695,114,1050,444,180,598,694,27,1659,228,371,228,131
2010,Zuzug,Treptow-Köpenick,5498,172,109,301,32,442,194,77,259,329,10,2393,312,433,268,167
2011,Fortzug,Charlottenburg-Wilmersdorf,6240,221,318,527,77,927,427,110,586,829,35,1507,159,239,170,108
2011,Fortzug,Friedrichshain-Kreuzberg,6629,211,409,493,89,934,397,163,692,746,39,1449,298,379,189,141
2011,Fortzug,Lichtenberg,5721,146,124,327,34,415,173,84,349,371,24,2547,334,385,272,136
2011,Fortzug,Marzahn-Hellersdorf,5156,132,81,272,30,358,128,86,217,310,17,2698,264,269,187,107
2011,Fortzug,Mitte,8636,312,439,667,114,1247,595,244,895,992,46,1848,337,415,338,147
2011,Fortzug,Neukölln,5437,165,211,444,53,721,341,120,468,648,42,1610,149,236,165,64
2011,Fortzug,Pankow,9301,263,391,573,86,874,444,141,625,830,34,3496,554,574,232,184
2011,Fortzug,Reinickendorf,4397,196,81,319,40,427,185,78,263,345,13,1960,171,150,99,70
2011,Fortzug,Spandau,4580,130,87,356,26,438,198,83,239,358,5,2158,170,149,112,71
2011,Fortzug,Steglitz-Zehlendorf,6165,269,217,494,46,697,303,127,448,588,20,2324,164,243,151,74
2011,Fortzug,Tempelhof-Schöneberg,5979,235,225,525,89,713,349,148,516,613,21,1894,169,228,151,103
2011,Fortzug,Treptow-Köpenick,5346,127,85,304,40,357,163,59,233,330,11,2798,248,316,177,98
2011,Zuzug,Charlottenburg-Wilmersdorf,7886,284,423,769,98,1330,588,209,736,913,44,1426,263,415,239,149
2011,Zuzug,Friedrichshain-Kreuzberg,10242,286,580,865,174,1613,764,303,1164,1158,78,1499,409,678,362,309
2011,Zuzug,Lichtenberg,6356,145,152,383,39,532,185,102,389,343,36,2496,484,499,364,207
2011,Zuzug,Marzahn-Hellersdorf,5285,120,87,258,14,358,121,87,239,273,27,2604,388,301,248,160
2011,Zuzug,Mitte,12455,414,546,1102,141,1953,866,353,1292,1368,85,2251,542,728,486,328
2011,Zuzug,Neukölln,6954,251,343,586,96,1009,435,169,747,788,60,1417,211,443,220,179
2011,Zuzug,Pankow,11235,325,590,732,156,1544,636,245,985,1087,60,2699,640,829,431,276
2011,Zuzug,Reinickendorf,4373,170,106,364,42,512,212,81,299,352,25,1546,218,201,162,83
2011,Zuzug,Spandau,4819,198,117,460,45,470,180,84,251,342,27,1936,193,233,206,77
2011,Zuzug,Steglitz-Zehlendorf,6221,207,242,531,71,774,434,137,579,670,31,1777,182,295,175,116
2011,Zuzug,Tempelhof-Schöneberg,7241,232,297,619,102,1113,477,178,685,702,39,1728,280,417,235,137
2011,Zuzug,Treptow-Köpenick,5861,156,150,361,57,487,222,71,303,342,14,2465,336,465,269,163
2012,Fortzug,Charlottenburg-Wilmersdorf,6249,285,308,513,53,902,375,157,631,842,42,1423,194,273,154,97
2012,Fortzug,Friedrichshain-Kreuzberg,6555,226,364,524,119,854,436,164,739,719,19,1424,249,404,195,119
2012,Fortzug,Lichtenberg,5930,130,167,352,41,496,188,83,336,406,16,2547,335,407,272,154
2012,Fortzug,Marzahn-Hellersdorf,5450,179,96,275,23,310,143,71,271,297,11,2869,311,279,183,132
2012,Fortzug,Mitte,8898,280,435,761,116,1291,608,169,948,1075,59,1838,284,500,294,240
2012,Fortzug,Neukölln,5666,204,217,526,48,709,342,101,487,640,30,1677,154,288,156,87
2012,Fortzug,Pankow,9652,235,427,501,89,942,443,141,718,867,27,3694,500,570,301,197
2012,Fortzug,Reinickendorf,4438,176,118,291,27,388,189,74,282,363,19,2034,166,143,120,48
2012,Fortzug,Spandau,4627,167,134,359,31,409,178,78,283,341,22,2101,158,162,155,49
2012,Fortzug,Steglitz-Zehlendorf,6171,237,211,513,53,584,279,123,522,576,32,2449,133,244,133,82
2012,Fortzug,Tempelhof-Schöneberg,6223,251,260,497,67,822,337,128,578,629,22,1984,166,243,150,89
2012,Fortzug,Treptow-Köpenick,5480,130,111,242,36,341,158,89,300,381,10,2863,244,311,159,105
2012,Zuzug,Charlottenburg-Wilmersdorf,8114,294,400,784,107,1398,558,205,790,978,38,1519,253,372,245,173
2012,Zuzug,Friedrichshain-Kreuzberg,9623,339,550,838,146,1469,684,292,1129,1131,76,1428,370,564,332,275
2012,Zuzug,Lichtenberg,6395,202,202,393,53,532,246,130,402,414,27,2318,474,505,294,203
2012,Zuzug,Marzahn-Hellersdorf,5171,132,89,263,20,367,126,82,227,277,6,2531,357,304,251,139
2012,Zuzug,Mitte,12346,390,569,1148,191,1904,865,316,1425,1355,80,2096,499,740,467,301
2012,Zuzug,Neukölln,6833,210,326,590,119,1060,506,198,727,785,51,1289,197,429,197,149
2012,Zuzug,Pankow,10908,321,569,816,110,1475,697,219,991,1046,61,2614,618,693,412,266
2012,Zuzug,Reinickendorf,4297,160,116,326,45,555,226,100,324,338,24,1480,188,191,150,74
2012,Zuzug,Spandau,4857,186,128,447,46,526,203,118,259,343,12,1813,223,201,254,98
2012,Zuzug,Steglitz-Zehlendorf,6315,233,229,515,76,828,398,140,630,590,29,1761,210,314,239,123
2012,Zuzug,Tempelhof-Schöneberg,6911,256,310,598,87,999,465,193,669,731,62,1633,225,337,206,140
2012,Zuzug,Treptow-Köpenick,5703,174,126,334,43,546,226,105,309,372,15,2369,280,378,292,134
2013,Fortzug,Charlottenburg-Wilmersdorf,6270,225,334,495,78,909,485,142,562,787,34,1545,146,267,174,87
2013,Fortzug,Friedrichshain-Kreuzberg,6619,183,375,476,83,926,472,159,666,750,42,1531,262,387,172,135
2013,Fortzug,Lichtenberg,6334,156,167,371,48,475,227,79,379,385,19,2814,398,369,308,139
2013,Fortzug,Marzahn-Hellersdorf,5646,149,99,267,33,308,167,84,270,242,12,3122,313,245,216,119
2013,Fortzug,Mitte,9059,322,488,739,111,1304,615,206,900,1038,49,1998,357,465,298,169
2013,Fortzug,Neukölln,5865,191,240,475,70,761,343,114,552,584,24,1792,171,302,148,98
2013,Fortzug,Pankow,9612,260,422,554,68,899,447,162,659,794,32,3738,543,565,285,184
2013,Fortzug,Reinickendorf,4566,140,119,329,29,407,195,96,318,324,17,2124,143,171,117,37
2013,Fortzug,Spandau,4766,206,85,375,39,394,155,92,256,325,19,2280,155,189,138,58
2013,Fortzug,Steglitz-Zehlendorf,6328,269,200,483,45,594,323,104,500,610,10,2436,195,280,185,94
2013,Fortzug,Tempelhof-Schöneberg,6225,217,237,501,66,742,336,130,549,672,35,2018,180,280,161,101
2013,Fortzug,Treptow-Köpenick,5683,163,102,300,24,382,175,59,287,341,17,2951,292,313,175,102
2013,Zuzug,Charlottenburg-Wilmersdorf,7904,256,372,721,86,1365,569,210,746,977,62,1497,237,387,232,187
2013,Zuzug,Friedrichshain-Kreuzberg,9026,272,563,799,142,1424,670,272,1057,1138,65,1209,350,508,312,245
2013,Zuzug,Lichtenberg,6385,167,231,347,55,594,299,126,426,459,19,2279,458,445,282,198
2013,Zuzug,Marzahn-Hellersdorf,4809,139,94,209,33,328,168,79,205,279,10,2250,295,318,247,155
2013,Zuzug,Mitte,11830,378,606,1075,179,1941,845,315,1328,1318,83,1936,452,659,434,281
2013,Zuzug,Neukölln,6635,215,293,573,115,1044,470,203,679,856,45,1195,189,403,197,158
2013,Zuzug,Pankow,10914,329,498,757,116,1517,690,261,950,1125,64,2661,591,673,445,237
2013,Zuzug,Reinickendorf,4379,177,115,393,46,495,253,107,325,420,23,1401,168,212,161,83
2013,Zuzug,Spandau,4762,177,101,366,42,513,215,92,307,374,15,1874,195,210,195,86
2013,Zuzug,Steglitz-Zehlendorf,6190,249,243,513,59,831,356,155,543,639,26,1788,195,292,195,106
2013,Zuzug,Tempelhof-Schöneberg,6743,235,304,607,84,1072,499,194,654,641,50,1487,210,318,219,169
2013,Zuzug,Treptow-Köpenick,5464,129,131,308,24,526,240,103,325,370,17,2191,293,436,238,133